Will u meet ur dream partner soon? Is ur career off 2 a flyng start? 2 find out free, txt HORO followed by ur star sign, e. g. HORO ARIES
congratulations click on this link
congea
congea
fa
click onthis link
click on this link
please water the plants
please water the plants
please water the plants
please water the plants
bring me a cup of tea
bring
clean your room
clean your room
this is  a test
hey whats up
hey how you ding
hey how you doing
hello its me
sun sets in the west
i got into a problem
i got into my car
i got into my car
i have a watch
hey
won
win
congratulations
congratulations you won
congratulations you won a lottery
dfsgsd
please
please water the plants
please water the plants
you won a lottery
you won a lottery congratulations
click here to win
hey whats up
hey whats up
hey whats ]
hey whats 
hey what
hey what up
hey whats up
hey whatsu
hey what
hey what up
hey whas
hey what up
hey whats up
hey what
hey whats up
hey whats up
hey what
hey whats up
hey whats
hey what
hey what
hey whats
hey what
hey whats
hey what
hey whats
hey whatst
hey whats
hey what
hey whats
hey what
hey whats
hey what
hey whas
hey what
hey whas
hey what
hey whas
hey what
hey whas
hey what
hey what
d
e
whats up
hey whats
hey what
hey whats
hey what
hey what
hey whats
hey what
d
e
r
d
s
d
d
f
congrats you win a lottery
d
congrats you win lottery
congrats you win lottery
d
d congrats you win lottery
congrats you win lottery
congrats you win lottery
congrats you win lottery
congrats you win lottery
congrats you win lottery
f
you win the lottery
you win the lotter
you win the 
you win the lottery
you win the
zc
you won a lottery
you won a lottery
you won a lottery
you win a lottery
lottery
win a lottery
win a lottery
win
win a lottery
win a lotter
win a lotte
win a lott
win a lot
win a lo
win a l
win a 
win a lottery
win a lotter
win a 
win a lottery
win a
win a lottery
win a 
win a lottery
win a lottery
win a lottery
win a lot
win a lottery
win a lottery
win a lottery
win a lottery
win a lottery
win a
win a lottery
win a lottery
 win the lottery
win the lottery
win the lottery
hi
hi
hi
hi
Hi
hi
hi
hi
2308\\\\'
ds!#
hey whats up
congratulation you win a lottery
hello it's me
hello it's me
hello it's me
hi
hi its me
hi its me
its
hi









hey
d
hi
df
f
f
f
f
d


d
d
d


f
s
s


a
hi
s
a
s
qwe
ds
a
a
a
a
s
z
a
a
a
a
a
a
a
a
a
a
a
a
a
ss
ss
house
house
house
house
house
s
a
house
house
house
a
a
aa
d
hey what up want to participate in the lucky draw. Do it now and get a chance to win  grand prizes
want to be a part of lucky draw and win great prizes
ad";:]}{@#$*&@(!@#$%^&*()_+
hey want to join the community to get updates!@#$%^&*()_+{}:"<>?|````
hey want to join the community to get updates!@#$%^&*()_+{}:"<>?|````
hey want to join the community to get updates!@#$%^&*()_+{}:"<>?|```` 
hey want to join the community to get updates!@#$%^&*()_+{}:"<>
Hey I am John! Do you want to invest in stock? Inbox me now!
Hey I am John! Do you want to invest in stock? Inbox me now!=======
Hey! This is spam detection application which can classify your message as spam or ham.
Spam detection application can classify your messages as spam or ham!
 spam detection application that allows users to input messages, which are classified as spam or ham
spam detection application that allows users to input messages, which are classified as spam or ham
 spam detection application that allows users to input messages which are then classified as spam or ham
spam detection application that allows users to input messages which are then classified as spam or ham
 spam detection application that allows users to input messages, which are then classified as spam or ham.
Congratulations! You've won a $1000 gift card! To claim your prize, click the link below and enter your details. Hurry, this offer expires soon! www.spamlink.com
my  ame
hello
hey are you free?
we are leaving.

hey asim !
claim your rewards by signing in
hey   i am just

testing


dfs
sdf
sdf
xcxzc
zxczxc
xzczx
xzczx
zcxczx
czxczxc
xzczc
xzc
Free entry in 2 a wkly comp to win FA Cup final tkts 21st May 2005. Text FA to 87121 to receive entry question(std txt rate)T&C's apply 08452810075over18's
sddfsdfdsf
Free entry in 2 a wkly comp to win FA Cup final tkts 21st May 2005. Text FA to 87121 to receive entry question(std txt rate)T&C's apply 08452810075over18's 
As per your request 'Melle Melle (Oru Minnaminunginte Nurungu Vettam)' has been set as your callertune for all Callers. Press *9 to copy your friends Callertune
hello my name is ahmed
i am studying in class 10
hey what are you doing
adasfsfsfdfdgdfgdggdg
fdgdgdhfhgfhffhfgfhgfhg
gfhfggfhfghghgfhgffhfghfg
ghfghfghfhfhfhfhhfg
fghfhfghfghfghfghfghf
sdfadf
URGENT! Your Mobile No 07808726822 was awarded a £2,000 Bonus Caller Prize on 02/09/03! This is our 2nd attempt to contact YOU! Call 0871-872-9758 BOX95QU
What are you doing? How are you?
Your Mobile No 07808726822 was awarded a £2,000 Bonus Caller Prize on 02/09/03! This is our 2nd attempt to contact YOU! Call 0871-872-9758 BOX95QU
What are you doing? How are you?
Buy this product now and get a FREE Gift !!!
Buy this product now and get a FREE Gift !!!
Buy this product now and get a FREE Gift !!!
Buy this product now and get a FREE Gift !!!
Buy this product now and get a FREE Gift !!!
Buy this product now and get a FREE Gift !!!
Buy this product now and get a FREE Gift !!!
Buy this product now and get a FREE Gift !!!
